id,name
1089744,xavfernandez
3758364,aarzee
4742081,wm75
12111571,DvHuang
6407116,gongshaojie12
15001116,dlmacedo
595709,gamboviol
712550,johnaohara
1611276,yongfei25
3820920,rabintang
26107,jescalan
28410,mdparker
70582,osg-training-guest
125781,xiaoboznv
156265,gmaggini
392448,AshaWebmaster
483597,luketw
510099,eric-gwin
781540,AHCJSDBKJFS
838054,deanpierce
938719,jpdoyle
957240,christophlukasser
965084,Jira00
991669,pgcoldridj
1010008,Juergen-Git
1076108,jblanco-despegar
1115112,fedefa
1235119,am29d
1414081,al-mar
1461639,MAWoodMain
1473629,georgewatson
1531446,gh-phabricator
1618344,id247
1658085,brandon-james105
1670167,sarojsharma
1697272,fengxiaoxiaokun
1798257,fourkbomb
1893273,luciomartinez
1917971,a10r
1948260,hillrom-admin
2044570,nbatten23
26107,jescalan
28410,mdparker
156265,gmaggini
